Date,Product,Category,Price,Quantity,City
2023-04-17,Headphones,Accessories,910,3,Kharkiv
2023-08-03,Monitor,Electronics,1688,2,Odessa
2023-04-10,Tablet,Electronics,137,1,Odessa
2023-10-21,Monitor,Electronics,819,4,Lviv
2023-11-10,Headphones,Accessories,326,1,Kharkiv
2023-02-28,Headphones,Accessories,906,1,Lviv
2023-09-28,Headphones,Accessories,749,4,Odessa
2023-11-16,Headphones,Accessories,1640,4,Kyiv
2023-05-15,Tablet,Electronics,1558,3,Kharkiv
2023-03-30,Laptop,Electronics,216,2,Dnipro
2023-02-22,Phone,Electronics,826,2,Lviv
2023-09-21,Headphones,Accessories,141,3,Odessa
2023-01-02,Laptop,Electronics,1635,4,Lviv
2023-07-10,Headphones,Accessories,1895,1,Lviv
2023-07-21,Phone,Electronics,1629,2,Dnipro
2023-10-23,Headphones,Accessories,1066,2,Kharkiv
2023-02-22,Monitor,Electronics,387,3,Lviv
2023-02-10,Laptop,Electronics,813,4,Kharkiv
2023-11-23,Monitor,Electronics,114,1,Kyiv
2023-03-04,Laptop,Electronics,697,4,Odessa
2023-06-12,Tablet,Electronics,642,4,Odessa
2023-08-19,Laptop,Electronics,428,1,Lviv
2023-07-20,Laptop,Electronics,1101,3,Dnipro
2023-03-03,Phone,Electronics,1106,4,Kharkiv
2023-08-02,Tablet,Electronics,733,4,Odessa
2023-04-11,Tablet,Electronics,1010,3,Odessa
2023-09-12,Laptop,Electronics,1078,2,Odessa
2023-12-12,Laptop,Electronics,256,3,Lviv
2023-03-04,Headphones,Accessories,1534,3,Kyiv
2023-08-10,Headphones,Accessories,1070,4,Kharkiv
2023-01-29,Monitor,Electronics,1728,3,Dnipro
2023-07-06,Monitor,Electronics,1233,3,Odessa
2023-02-14,Headphones,Accessories,627,2,Kyiv
2023-01-28,Monitor,Electronics,695,4,Dnipro
2023-11-27,Headphones,Accessories,1413,2,Lviv
2023-07-09,Headphones,Accessories,1546,3,Kyiv
2023-05-01,Laptop,Electronics,1450,3,Dnipro
2023-12-25,Monitor,Electronics,1818,3,Odessa
2023-08-13,Laptop,Electronics,367,1,Odessa
2023-11-11,Phone,Electronics,733,4,Kyiv
2023-02-21,Headphones,Accessories,1186,2,Dnipro
2023-04-11,Phone,Electronics,1460,1,Kyiv
2023-01-02,Laptop,Electronics,748,1,Lviv
2023-08-12,Headphones,Accessories,1639,3,Kyiv
2023-05-10,Laptop,Electronics,1476,2,Kharkiv
2023-07-17,Headphones,Accessories,779,4,Dnipro
2023-09-12,Tablet,Electronics,1257,3,Kharkiv
2023-08-28,Headphones,Accessories,1683,2,Kyiv
2023-11-22,Laptop,Electronics,1197,3,Kharkiv
2023-12-12,Tablet,Electronics,709,4,Odessa
2023-07-18,Tablet,Electronics,1221,4,Dnipro
2023-05-08,Laptop,Electronics,978,4,Lviv
2023-05-31,Laptop,Electronics,1852,4,Lviv
2023-05-24,Tablet,Electronics,312,4,Lviv
2023-01-02,Laptop,Electronics,1645,1,Kyiv
2023-06-09,Headphones,Accessories,502,1,Odessa
2023-05-27,Laptop,Electronics,1306,3,Odessa
2023-04-30,Headphones,Accessories,201,2,Kyiv
2023-04-14,Headphones,Accessories,636,1,Dnipro
2023-04-09,Tablet,Electronics,1185,2,Kyiv
2023-12-04,Monitor,Electronics,963,4,Lviv
2023-06-18,Tablet,Electronics,1793,1,Dnipro
2023-10-04,Laptop,Electronics,1653,1,Dnipro
2023-02-02,Tablet,Electronics,450,4,Dnipro
2023-01-22,Tablet,Electronics,1956,2,Kharkiv
2023-10-10,Tablet,Electronics,487,4,Odessa
2023-04-07,Phone,Electronics,1350,2,Dnipro
2023-11-13,Laptop,Electronics,502,4,Odessa
2023-02-18,Headphones,Accessories,596,4,Kyiv
2023-02-15,Headphones,Accessories,1293,2,Kharkiv
2023-02-06,Tablet,Electronics,1965,1,Kharkiv
2023-04-05,Laptop,Electronics,351,1,Odessa
2023-07-10,Headphones,Accessories,1042,4,Kharkiv
2023-06-10,Monitor,Electronics,977,3,Odessa
2023-08-11,Phone,Electronics,1866,2,Lviv
2023-10-07,Tablet,Electronics,1945,2,Lviv
2023-09-30,Phone,Electronics,1712,3,Kyiv
2023-06-25,Laptop,Electronics,1884,2,Kharkiv
2023-12-21,Phone,Electronics,808,2,Lviv
2023-11-12,Laptop,Electronics,457,1,Lviv
2023-01-20,Laptop,Electronics,85,1,Kyiv
2023-05-23,Headphones,Accessories,1956,3,Dnipro
2023-08-03,Phone,Electronics,883,4,Odessa
2023-07-09,Laptop,Electronics,1771,3,Kharkiv
2023-11-01,Phone,Electronics,619,2,Dnipro
2023-02-23,Phone,Electronics,887,3,Odessa
2023-09-21,Headphones,Accessories,662,1,Kharkiv
2023-01-05,Headphones,Accessories,1053,4,Dnipro
2023-12-16,Monitor,Electronics,1041,4,Odessa
2023-05-04,Headphones,Accessories,705,1,Lviv
2023-11-15,Tablet,Electronics,706,4,Odessa
2023-12-12,Headphones,Accessories,1131,3,Kharkiv
2023-10-06,Phone,Electronics,166,2,Kyiv
2023-02-27,Headphones,Accessories,1062,1,Lviv
2023-04-06,Laptop,Electronics,1824,2,Kyiv
2023-09-29,Monitor,Electronics,1958,1,Kharkiv
2023-09-04,Monitor,Electronics,839,1,Odessa
2023-03-27,Headphones,Accessories,203,4,Kyiv
2023-02-16,Monitor,Electronics,1293,1,Kyiv
2023-08-06,Headphones,Accessories,502,4,Lviv
2023-10-16,Monitor,Electronics,600,4,Kharkiv
2023-11-21,Phone,Electronics,571,2,Dnipro
2023-09-07,Phone,Electronics,1253,3,Odessa
2023-11-21,Phone,Electronics,1681,1,Kharkiv
2023-12-02,Headphones,Accessories,1089,4,Lviv
2023-12-06,Laptop,Electronics,945,4,Dnipro
2023-02-02,Phone,Electronics,1748,4,Kyiv
2023-04-11,Monitor,Electronics,740,3,Dnipro
2023-06-17,Tablet,Electronics,1650,1,Lviv
2023-01-12,Tablet,Electronics,1629,1,Lviv
2023-02-04,Monitor,Electronics,548,2,Kyiv
2023-03-31,Phone,Electronics,825,1,Lviv
2023-07-15,Tablet,Electronics,666,3,Lviv
2023-03-16,Monitor,Electronics,1699,1,Kharkiv
2023-09-06,Headphones,Accessories,778,1,Dnipro
2023-07-11,Phone,Electronics,1942,1,Odessa
2023-02-05,Laptop,Electronics,1172,4,Lviv
2023-05-31,Laptop,Electronics,145,4,Kharkiv
2023-01-13,Headphones,Accessories,1442,3,Kyiv
2023-09-30,Tablet,Electronics,922,2,Kyiv
2023-12-08,Headphones,Accessories,1953,1,Kharkiv
2023-04-10,Tablet,Electronics,1092,1,Dnipro
2023-03-17,Monitor,Electronics,1306,3,Kyiv
2023-02-21,Headphones,Accessories,767,3,Odessa
2023-03-10,Phone,Electronics,1440,4,Odessa
2023-02-22,Headphones,Accessories,1098,4,Kyiv
2023-07-05,Monitor,Electronics,1766,2,Lviv
2023-08-09,Monitor,Electronics,1236,3,Odessa
2023-03-17,Tablet,Electronics,707,3,Kyiv
2023-09-10,Phone,Electronics,1003,4,Kharkiv
2023-10-10,Phone,Electronics,1466,2,Lviv
2023-06-14,Phone,Electronics,1590,1,Odessa
2023-05-25,Monitor,Electronics,1906,2,Kyiv
2023-03-11,Monitor,Electronics,1205,4,Dnipro
2023-07-01,Tablet,Electronics,494,4,Odessa
2023-02-08,Phone,Electronics,1931,3,Odessa
2023-08-08,Monitor,Electronics,702,2,Lviv
2023-11-13,Headphones,Accessories,525,4,Kyiv
2023-12-14,Laptop,Electronics,436,1,Kyiv
2023-11-08,Headphones,Accessories,1442,1,Kyiv
2023-02-13,Monitor,Electronics,183,2,Kharkiv
2023-05-29,Monitor,Electronics,1902,3,Kharkiv
2023-06-13,Tablet,Electronics,813,1,Odessa
2023-02-16,Tablet,Electronics,1605,1,Kyiv
2023-01-01,Laptop,Electronics,1599,3,Kharkiv
2023-01-12,Tablet,Electronics,705,3,Lviv
2023-01-08,Headphones,Accessories,1481,4,Lviv
2023-05-16,Headphones,Accessories,725,2,Lviv
2023-08-08,Headphones,Accessories,1251,4,Kharkiv
2023-05-25,Laptop,Electronics,789,4,Kyiv
2023-08-08,Laptop,Electronics,1797,1,Kharkiv
2023-09-10,Monitor,Electronics,1631,3,Lviv
2023-10-30,Tablet,Electronics,305,1,Kyiv
2023-10-13,Phone,Electronics,59,4,Lviv
2023-04-29,Tablet,Electronics,926,1,Kyiv
2023-08-27,Laptop,Electronics,195,4,Kyiv
2023-03-04,Tablet,Electronics,902,2,Kyiv
2023-04-08,Tablet,Electronics,844,1,Kyiv
2023-11-07,Tablet,Electronics,560,1,Dnipro
2023-05-13,Laptop,Electronics,758,3,Odessa
2023-02-22,Monitor,Electronics,1096,1,Kharkiv
2023-05-25,Phone,Electronics,1531,3,Kharkiv
2023-02-20,Laptop,Electronics,1951,1,Kharkiv
2023-10-15,Monitor,Electronics,1845,2,Lviv
2023-02-08,Headphones,Accessories,144,4,Lviv
2023-04-28,Phone,Electronics,723,2,Odessa
2023-02-23,Tablet,Electronics,1379,4,Dnipro
2023-09-08,Monitor,Electronics,1039,2,Kyiv
2023-10-30,Laptop,Electronics,673,3,Kharkiv
2023-03-16,Monitor,Electronics,1983,2,Odessa
2023-11-02,Headphones,Accessories,787,2,Lviv
2023-12-13,Phone,Electronics,847,3,Odessa
2023-06-15,Phone,Electronics,1381,1,Kyiv
2023-04-16,Headphones,Accessories,591,3,Odessa
2023-05-18,Laptop,Electronics,182,1,Kyiv
2023-12-06,Phone,Electronics,834,4,Kharkiv
2023-07-24,Phone,Electronics,1847,1,Odessa
2023-04-21,Tablet,Electronics,1825,3,Kyiv
2023-01-08,Tablet,Electronics,1447,4,Dnipro
2023-07-14,Headphones,Accessories,1769,1,Odessa
2023-03-02,Tablet,Electronics,142,4,Lviv
2023-01-05,Tablet,Electronics,1476,1,Lviv
2023-01-22,Headphones,Accessories,731,1,Kharkiv
2023-01-12,Laptop,Electronics,694,1,Lviv
2023-10-28,Phone,Electronics,1151,2,Odessa
2023-02-16,Laptop,Electronics,843,1,Kyiv
2023-03-02,Tablet,Electronics,880,4,Kyiv
2023-01-08,Phone,Electronics,853,1,Kyiv
2023-07-26,Tablet,Electronics,1326,4,Lviv
2023-12-31,Headphones,Accessories,127,4,Lviv
2023-01-07,Tablet,Electronics,1385,3,Odessa
2023-10-01,Tablet,Electronics,1824,4,Lviv
2023-07-11,Tablet,Electronics,1956,3,Kyiv
2023-02-08,Monitor,Electronics,77,2,Kyiv
2023-05-06,Laptop,Electronics,1304,2,Dnipro
2023-07-31,Laptop,Electronics,194,1,Kyiv
2023-08-21,Headphones,Accessories,1467,3,Kharkiv
2023-04-21,Phone,Electronics,160,4,Lviv
2023-02-11,Laptop,Electronics,797,3,Kyiv
2023-10-09,Monitor,Electronics,1591,4,Lviv
2023-08-17,Tablet,Electronics,364,1,Kyiv
2023-10-04,Laptop,Electronics,1510,2,Dnipro
2023-12-16,Tablet,Electronics,1519,2,Kyiv
2023-02-09,Tablet,Electronics,292,3,Kharkiv
2023-01-06,Headphones,Accessories,969,3,Lviv
2023-01-04,Headphones,Accessories,1805,3,Kyiv
2023-07-13,Tablet,Electronics,623,1,Odessa
2023-10-27,Phone,Electronics,1508,1,Kharkiv
2023-10-02,Phone,Electronics,1191,4,Dnipro
2023-05-20,Laptop,Electronics,581,1,Kyiv
2023-02-07,Phone,Electronics,703,4,Kharkiv
2023-11-29,Tablet,Electronics,1584,4,Odessa
2023-06-27,Tablet,Electronics,1746,2,Lviv
2023-06-21,Monitor,Electronics,1992,2,Lviv
2023-03-25,Monitor,Electronics,1241,2,Kyiv
2023-09-22,Monitor,Electronics,378,1,Odessa
2023-11-01,Tablet,Electronics,1679,3,Kharkiv
2023-11-30,Headphones,Accessories,285,2,Kharkiv
2023-03-17,Tablet,Electronics,1210,2,Odessa
2023-11-16,Tablet,Electronics,562,4,Dnipro
2023-12-27,Monitor,Electronics,1913,3,Kharkiv
2023-08-01,Headphones,Accessories,847,3,Kharkiv
2023-03-19,Monitor,Electronics,900,3,Lviv
2023-02-11,Headphones,Accessories,650,1,Kyiv
2023-10-22,Phone,Electronics,345,4,Odessa
2023-01-23,Monitor,Electronics,471,1,Kyiv
2023-11-05,Laptop,Electronics,194,1,Odessa
2023-03-08,Tablet,Electronics,247,2,Odessa
2023-01-15,Phone,Electronics,1521,4,Kharkiv
2023-06-06,Laptop,Electronics,527,3,Kyiv
2023-10-16,Laptop,Electronics,1070,1,Dnipro
2023-05-03,Phone,Electronics,1595,1,Lviv
2023-06-08,Laptop,Electronics,1191,2,Dnipro
2023-07-03,Monitor,Electronics,265,4,Kharkiv
2023-11-20,Monitor,Electronics,1230,3,Dnipro
2023-04-05,Monitor,Electronics,179,3,Odessa
2023-10-26,Tablet,Electronics,1365,2,Odessa
2023-09-11,Monitor,Electronics,1733,3,Lviv
2023-08-06,Phone,Electronics,351,3,Kharkiv
2023-04-21,Phone,Electronics,1034,1,Dnipro
2023-12-22,Tablet,Electronics,1533,4,Dnipro
2023-11-24,Monitor,Electronics,937,1,Lviv
2023-02-20,Laptop,Electronics,653,3,Kharkiv
2023-09-14,Laptop,Electronics,1799,3,Kharkiv
2023-07-01,Monitor,Electronics,1419,2,Kyiv
2023-02-24,Laptop,Electronics,1904,2,Odessa
2023-11-05,Monitor,Electronics,1504,1,Kyiv
2023-04-27,Phone,Electronics,1509,1,Lviv
2023-09-01,Laptop,Electronics,1876,3,Kyiv
2023-07-29,Phone,Electronics,124,2,Odessa
2023-05-08,Phone,Electronics,396,1,Odessa
2023-06-28,Tablet,Electronics,925,3,Kyiv
2023-12-10,Headphones,Accessories,759,1,Kyiv
2023-05-30,Laptop,Electronics,334,3,Lviv
2023-02-18,Headphones,Accessories,1955,1,Kyiv
2023-05-28,Headphones,Accessories,1434,1,Dnipro
2023-11-23,Monitor,Electronics,1433,1,Kyiv
2023-07-30,Monitor,Electronics,1039,3,Kharkiv
2023-10-13,Laptop,Electronics,478,1,Odessa
2023-06-24,Phone,Electronics,818,2,Lviv
2023-04-23,Phone,Electronics,551,4,Lviv
2023-09-21,Tablet,Electronics,880,4,Kharkiv
2023-06-11,Tablet,Electronics,849,2,Dnipro
2023-10-15,Laptop,Electronics,136,3,Lviv
2023-11-09,Monitor,Electronics,1081,1,Odessa
2023-11-24,Tablet,Electronics,1840,1,Kyiv
2023-04-07,Monitor,Electronics,628,3,Dnipro
2023-03-29,Phone,Electronics,1876,4,Odessa
2023-07-01,Headphones,Accessories,1573,1,Kharkiv
2023-09-20,Phone,Electronics,56,2,Kyiv
2023-02-05,Monitor,Electronics,196,4,Kharkiv
2023-10-30,Headphones,Accessories,131,2,Kharkiv
2023-07-14,Headphones,Accessories,1596,2,Dnipro
2023-09-13,Headphones,Accessories,310,1,Kyiv
2023-12-21,Phone,Electronics,1126,4,Dnipro
2023-10-07,Phone,Electronics,903,4,Kyiv
2023-02-28,Phone,Electronics,1231,4,Kyiv
2023-01-14,Phone,Electronics,1188,1,Kyiv
2023-12-25,Phone,Electronics,286,1,Kyiv
2023-06-03,Tablet,Electronics,543,4,Lviv
2023-08-03,Monitor,Electronics,1182,2,Kharkiv
2023-05-08,Tablet,Electronics,887,2,Kharkiv
2023-02-03,Phone,Electronics,1429,1,Kyiv
2023-03-17,Monitor,Electronics,1226,2,Kharkiv
2023-01-27,Phone,Electronics,391,1,Kyiv
2023-09-25,Tablet,Electronics,217,2,Kharkiv
2023-06-22,Laptop,Electronics,870,3,Kyiv
2023-07-09,Phone,Electronics,1030,4,Lviv
2023-12-29,Phone,Electronics,1069,2,Kyiv
2023-10-09,Tablet,Electronics,742,4,Kharkiv
2023-01-11,Monitor,Electronics,1852,4,Dnipro
2023-08-20,Laptop,Electronics,236,3,Odessa
2023-06-01,Phone,Electronics,104,3,Kharkiv
2023-08-27,Laptop,Electronics,1835,4,Dnipro
2023-12-03,Tablet,Electronics,1812,4,Odessa
2023-06-03,Monitor,Electronics,531,1,Lviv
2023-10-23,Monitor,Electronics,122,1,Kyiv
2023-04-14,Laptop,Electronics,1290,1,Lviv
2023-05-11,Laptop,Electronics,1112,3,Lviv
2023-04-12,Monitor,Electronics,157,4,Lviv
2023-02-13,Headphones,Accessories,324,1,Odessa
2023-01-17,Tablet,Electronics,866,1,Lviv
2023-10-30,Laptop,Electronics,1896,1,Dnipro
2023-05-29,Tablet,Electronics,1849,3,Kyiv
2023-07-17,Monitor,Electronics,423,4,Kyiv
2023-05-23,Phone,Electronics,1162,4,Odessa
2023-01-26,Phone,Electronics,538,1,Lviv
2023-03-27,Laptop,Electronics,1992,2,Lviv
2023-06-25,Monitor,Electronics,1592,1,Lviv
2023-03-23,Tablet,Electronics,776,1,Dnipro
2023-04-13,Tablet,Electronics,451,3,Kyiv
2023-10-28,Tablet,Electronics,669,4,Lviv
2023-07-02,Tablet,Electronics,854,3,Dnipro
2023-07-29,Laptop,Electronics,1589,1,Kyiv
2023-11-07,Monitor,Electronics,1499,4,Odessa
2023-09-08,Phone,Electronics,595,2,Kharkiv
2023-04-06,Monitor,Electronics,1347,4,Odessa
2023-01-29,Tablet,Electronics,1112,2,Kyiv
2023-08-24,Monitor,Electronics,367,1,Kyiv
2023-09-23,Headphones,Accessories,1312,1,Kyiv
2023-06-26,Headphones,Accessories,438,1,Odessa
2023-06-07,Monitor,Electronics,1215,4,Lviv
2023-10-20,Headphones,Accessories,195,2,Kyiv
2023-03-14,Laptop,Electronics,998,2,Kyiv
2023-05-20,Laptop,Electronics,1417,4,Odessa
2023-07-17,Phone,Electronics,1878,1,Odessa
2023-07-18,Monitor,Electronics,275,1,Dnipro
2023-05-28,Headphones,Accessories,1644,4,Kharkiv
2023-11-26,Monitor,Electronics,1316,1,Odessa
2023-08-29,Phone,Electronics,874,2,Lviv
2023-01-05,Tablet,Electronics,1961,2,Kharkiv
2023-01-20,Laptop,Electronics,1594,3,Lviv
2023-06-27,Laptop,Electronics,1646,3,Lviv
2023-06-09,Laptop,Electronics,265,3,Odessa
2023-03-30,Monitor,Electronics,1193,1,Kyiv
2023-04-08,Headphones,Accessories,1983,1,Odessa
2023-05-03,Laptop,Electronics,1001,3,Dnipro
2023-08-14,Monitor,Electronics,1722,3,Dnipro
2023-02-09,Phone,Electronics,570,3,Kyiv
2023-08-14,Monitor,Electronics,1468,3,Dnipro
2023-03-31,Tablet,Electronics,1974,4,Lviv
2023-10-11,Monitor,Electronics,1389,4,Kharkiv
2023-02-09,Monitor,Electronics,642,2,Kharkiv
2023-11-19,Monitor,Electronics,164,2,Lviv
2023-09-19,Tablet,Electronics,1822,1,Odessa
2023-02-28,Headphones,Accessories,402,3,Kyiv
2023-12-11,Monitor,Electronics,412,1,Kharkiv
2023-06-04,Phone,Electronics,405,3,Dnipro
2023-11-10,Monitor,Electronics,1820,1,Kyiv
2023-06-09,Tablet,Electronics,1104,3,Odessa
2023-03-23,Monitor,Electronics,1743,3,Dnipro
2023-01-12,Phone,Electronics,1791,1,Lviv
2023-04-23,Monitor,Electronics,1119,3,Kyiv
2023-12-20,Laptop,Electronics,409,3,Dnipro
2023-11-22,Monitor,Electronics,724,4,Odessa
2023-11-15,Phone,Electronics,1306,4,Dnipro
2023-02-06,Headphones,Accessories,384,2,Kharkiv
2023-08-30,Headphones,Accessories,965,4,Dnipro
2023-01-12,Tablet,Electronics,241,1,Kyiv
2023-01-22,Phone,Electronics,935,1,Lviv
2023-09-27,Tablet,Electronics,259,2,Kharkiv
2023-08-15,Headphones,Accessories,1749,3,Dnipro
2023-01-29,Monitor,Electronics,509,3,Odessa
2023-03-20,Laptop,Electronics,1719,3,Odessa
2023-01-26,Tablet,Electronics,619,3,Lviv
2023-04-09,Phone,Electronics,1358,4,Kharkiv
2023-10-12,Laptop,Electronics,88,3,Kharkiv
2023-05-10,Tablet,Electronics,933,4,Dnipro
2023-12-03,Tablet,Electronics,1612,3,Dnipro
2023-10-30,Headphones,Accessories,1038,1,Kharkiv
2023-05-27,Tablet,Electronics,133,2,Kyiv
2023-09-14,Monitor,Electronics,1460,3,Lviv
2023-06-11,Headphones,Accessories,983,3,Kharkiv
2023-10-08,Tablet,Electronics,1905,1,Dnipro
2023-07-27,Phone,Electronics,1344,4,Odessa
2023-05-25,Headphones,Accessories,479,1,Kharkiv
2023-01-27,Monitor,Electronics,569,3,Lviv
2023-12-15,Headphones,Accessories,248,3,Dnipro
2023-02-15,Monitor,Electronics,1609,4,Kyiv
2023-12-06,Laptop,Electronics,1967,4,Dnipro
2023-11-15,Laptop,Electronics,1751,4,Kharkiv
2023-03-13,Monitor,Electronics,435,4,Odessa
2023-10-04,Monitor,Electronics,770,4,Lviv
2023-04-05,Phone,Electronics,1439,3,Odessa
2023-04-12,Monitor,Electronics,778,1,Kyiv
2023-03-29,Tablet,Electronics,263,3,Kyiv
2023-02-15,Laptop,Electronics,637,1,Dnipro
2023-08-30,Headphones,Accessories,722,2,Dnipro
2023-10-16,Laptop,Electronics,51,1,Kyiv
2023-03-18,Monitor,Electronics,1999,1,Dnipro
2023-07-13,Phone,Electronics,967,3,Lviv
2023-04-16,Phone,Electronics,192,2,Dnipro
2023-11-13,Laptop,Electronics,1945,3,Odessa
2023-09-19,Tablet,Electronics,1975,1,Kyiv
2023-09-21,Laptop,Electronics,1443,4,Lviv
2023-11-14,Headphones,Accessories,1391,4,Odessa
2023-11-10,Tablet,Electronics,1157,4,Lviv
2023-07-07,Tablet,Electronics,1200,1,Lviv
2023-01-12,Tablet,Electronics,1027,2,Dnipro
2023-08-31,Monitor,Electronics,1610,1,Lviv
2023-12-22,Tablet,Electronics,1640,2,Kharkiv
2023-07-02,Monitor,Electronics,1704,1,Odessa
2023-07-30,Headphones,Accessories,1667,2,Kharkiv
2023-07-21,Laptop,Electronics,1132,3,Odessa
2023-07-26,Tablet,Electronics,494,1,Kyiv
2023-08-01,Headphones,Accessories,1890,2,Lviv
2023-10-20,Monitor,Electronics,73,4,Dnipro
2023-01-20,Headphones,Accessories,1437,2,Dnipro
2023-04-06,Phone,Electronics,1762,3,Kyiv
2023-12-20,Headphones,Accessories,1323,1,Dnipro
2023-09-19,Phone,Electronics,384,2,Lviv
2023-09-03,Tablet,Electronics,1444,2,Kharkiv
2023-01-18,Headphones,Accessories,1716,1,Kharkiv
2023-01-08,Laptop,Electronics,916,2,Dnipro
2023-11-30,Phone,Electronics,989,2,Lviv
2023-02-10,Monitor,Electronics,886,2,Dnipro
2023-08-19,Monitor,Electronics,1696,2,Kyiv
2023-11-22,Headphones,Accessories,179,3,Kyiv
2023-01-28,Tablet,Electronics,1930,1,Lviv
2023-06-13,Tablet,Electronics,1302,1,Kharkiv
2023-04-28,Tablet,Electronics,1083,3,Lviv
2023-12-16,Monitor,Electronics,1851,4,Kyiv
2023-09-21,Laptop,Electronics,182,4,Odessa
2023-03-05,Headphones,Accessories,562,1,Dnipro
2023-06-24,Headphones,Accessories,1194,3,Kharkiv
2023-04-30,Headphones,Accessories,214,1,Dnipro
2023-04-18,Headphones,Accessories,1440,3,Odessa
2023-11-30,Monitor,Electronics,1989,2,Lviv
2023-01-20,Laptop,Electronics,560,1,Lviv
2023-02-04,Monitor,Electronics,1074,3,Kharkiv
2023-06-10,Monitor,Electronics,1132,1,Kyiv
2023-10-03,Tablet,Electronics,1279,4,Kharkiv
2023-10-26,Phone,Electronics,1289,3,Lviv
2023-07-04,Laptop,Electronics,1379,1,Odessa
2023-10-21,Phone,Electronics,968,4,Dnipro
2023-08-22,Monitor,Electronics,357,4,Dnipro
2023-09-21,Phone,Electronics,1414,1,Kharkiv
2023-06-24,Monitor,Electronics,1568,2,Lviv
2023-08-06,Laptop,Electronics,360,3,Odessa
2023-05-25,Phone,Electronics,1487,2,Lviv
2023-11-24,Laptop,Electronics,637,3,Kyiv
2023-05-27,Headphones,Accessories,850,1,Kharkiv
2023-08-08,Monitor,Electronics,410,2,Lviv
2023-03-04,Phone,Electronics,753,2,Kyiv
2023-06-25,Laptop,Electronics,1754,1,Kharkiv
2023-06-08,Laptop,Electronics,1830,1,Kyiv
2023-04-12,Tablet,Electronics,1397,2,Dnipro
2023-03-23,Tablet,Electronics,1527,2,Kharkiv
2023-12-31,Laptop,Electronics,1352,3,Odessa
2023-11-06,Laptop,Electronics,1417,2,Kyiv
2023-03-17,Monitor,Electronics,1728,1,Lviv
2023-04-03,Monitor,Electronics,1988,4,Kyiv
2023-10-18,Laptop,Electronics,354,4,Dnipro
2023-04-20,Phone,Electronics,1340,3,Lviv
2023-01-03,Phone,Electronics,991,1,Kharkiv
2023-04-27,Phone,Electronics,377,4,Kharkiv
2023-05-13,Phone,Electronics,714,4,Lviv
2023-08-16,Monitor,Electronics,1024,4,Odessa
2023-01-21,Phone,Electronics,413,3,Odessa
2023-10-08,Monitor,Electronics,1197,3,Dnipro
2023-11-20,Tablet,Electronics,100,3,Kharkiv
2023-10-17,Monitor,Electronics,519,3,Kharkiv
2023-02-21,Headphones,Accessories,1057,1,Odessa
2023-10-18,Monitor,Electronics,800,4,Lviv
2023-01-02,Headphones,Accessories,719,2,Kyiv
2023-12-11,Monitor,Electronics,693,2,Odessa
2023-06-08,Headphones,Accessories,1659,3,Kyiv
2023-02-05,Phone,Electronics,494,2,Dnipro
2023-11-06,Headphones,Accessories,1959,3,Kyiv
2023-12-28,Headphones,Accessories,1449,1,Odessa
2023-04-28,Monitor,Electronics,936,2,Kharkiv
2023-01-09,Headphones,Accessories,1978,2,Lviv
2023-06-19,Phone,Electronics,1706,1,Kyiv
2023-03-09,Phone,Electronics,908,1,Lviv
2023-06-16,Tablet,Electronics,1685,4,Lviv
2023-06-13,Laptop,Electronics,195,3,Lviv
2023-03-10,Laptop,Electronics,1512,2,Kyiv
2023-06-10,Tablet,Electronics,1181,2,Kharkiv
2023-10-20,Laptop,Electronics,711,4,Odessa
2023-01-11,Headphones,Accessories,1528,4,Lviv
2023-09-11,Laptop,Electronics,639,1,Kyiv
2023-09-20,Phone,Electronics,1393,3,Kharkiv
2023-05-05,Phone,Electronics,1908,2,Kyiv
2023-10-07,Laptop,Electronics,508,3,Dnipro
2023-04-12,Tablet,Electronics,1653,2,Lviv
2023-08-20,Monitor,Electronics,1055,4,Kharkiv
2023-03-14,Laptop,Electronics,1749,3,Kyiv
2023-07-15,Tablet,Electronics,1143,1,Kharkiv
2023-01-05,Laptop,Electronics,877,2,Dnipro
2023-09-21,Tablet,Electronics,209,1,Lviv
2023-02-27,Tablet,Electronics,1063,4,Odessa
2023-09-15,Phone,Electronics,776,4,Kyiv
2023-10-13,Tablet,Electronics,403,3,Dnipro
2023-11-29,Headphones,Accessories,1515,4,Kharkiv
2023-04-16,Laptop,Electronics,360,4,Kyiv
2023-05-16,Headphones,Accessories,706,4,Dnipro
2023-08-25,Tablet,Electronics,1729,2,Dnipro
2023-01-05,Tablet,Electronics,1177,2,Dnipro
2023-10-13,Headphones,Accessories,370,1,Kharkiv
2023-08-19,Headphones,Accessories,455,2,Kyiv
2023-02-07,Monitor,Electronics,833,4,Dnipro
2023-10-19,Phone,Electronics,558,2,Kyiv
2023-12-27,Phone,Electronics,798,2,Kharkiv
2023-11-27,Phone,Electronics,810,1,Odessa
2023-06-03,Headphones,Accessories,1775,3,Dnipro
2023-05-23,Phone,Electronics,360,2,Dnipro
2023-01-12,Monitor,Electronics,293,2,Kyiv
2023-10-18,Phone,Electronics,727,2,Lviv
2023-01-14,Tablet,Electronics,1921,3,Kyiv
2023-12-13,Monitor,Electronics,1748,2,Lviv
2023-10-03,Tablet,Electronics,1539,2,Lviv
2023-10-08,Phone,Electronics,1610,2,Kharkiv
2023-09-27,Laptop,Electronics,213,3,Kyiv
2023-01-25,Monitor,Electronics,1509,3,Kharkiv
2023-01-25,Monitor,Electronics,531,4,Dnipro
2023-05-08,Monitor,Electronics,1085,4,Dnipro
2023-01-20,Monitor,Electronics,592,2,Lviv
2023-06-09,Monitor,Electronics,1901,3,Kharkiv
2023-03-01,Tablet,Electronics,303,2,Odessa
2023-09-23,Tablet,Electronics,1590,3,Kyiv
2023-06-27,Phone,Electronics,431,3,Kharkiv
2023-04-09,Laptop,Electronics,1032,3,Kharkiv
2023-09-20,Laptop,Electronics,1229,2,Dnipro
2023-04-13,Laptop,Electronics,1333,4,Kyiv
2023-11-04,Monitor,Electronics,1432,4,Kharkiv
2023-08-19,Headphones,Accessories,469,4,Lviv
2023-03-03,Monitor,Electronics,1701,3,Kharkiv
2023-04-02,Tablet,Electronics,568,3,Kharkiv
2023-07-02,Monitor,Electronics,647,1,Lviv
2023-08-18,Tablet,Electronics,454,2,Kharkiv
2023-03-06,Phone,Electronics,1544,2,Kharkiv
2023-08-01,Monitor,Electronics,291,1,Kharkiv
2023-06-13,Phone,Electronics,222,4,Kyiv
2023-07-10,Tablet,Electronics,546,4,Kharkiv
2023-04-27,Headphones,Accessories,1841,3,Lviv
2023-04-22,Headphones,Accessories,595,4,Dnipro
2023-08-21,Phone,Electronics,793,3,Kharkiv
2023-02-11,Headphones,Accessories,1998,2,Kharkiv
2023-04-15,Phone,Electronics,446,1,Kyiv
2023-05-10,Laptop,Electronics,474,1,Dnipro
2023-08-30,Monitor,Electronics,1170,2,Lviv
2023-10-11,Headphones,Accessories,281,1,Odessa
2023-08-02,Phone,Electronics,825,3,Kyiv
2023-12-10,Laptop,Electronics,1005,3,Kharkiv
2023-03-28,Tablet,Electronics,630,4,Kharkiv
2023-03-28,Monitor,Electronics,1273,1,Odessa
2023-06-01,Laptop,Electronics,1694,3,Kyiv
2023-08-20,Monitor,Electronics,197,1,Lviv
2023-07-30,Headphones,Accessories,1724,4,Odessa
2023-09-18,Headphones,Accessories,612,3,Kharkiv
2023-08-08,Phone,Electronics,1623,3,Kyiv
2023-02-18,Laptop,Electronics,378,2,Dnipro
2023-06-18,Headphones,Accessories,1663,1,Kyiv
2023-09-12,Phone,Electronics,168,2,Lviv
2023-05-20,Phone,Electronics,198,4,Odessa
2023-06-30,Phone,Electronics,423,1,Dnipro
2023-09-28,Phone,Electronics,572,2,Kyiv
2023-06-02,Phone,Electronics,232,1,Odessa
2023-10-05,Headphones,Accessories,1034,2,Dnipro
2023-10-15,Headphones,Accessories,1798,4,Odessa
2023-05-02,Laptop,Electronics,937,1,Kyiv
2023-01-18,Headphones,Accessories,1306,3,Kharkiv
2023-05-06,Monitor,Electronics,1071,1,Dnipro
2023-05-30,Tablet,Electronics,305,2,Odessa
2023-10-12,Laptop,Electronics,583,4,Kharkiv
2023-08-01,Phone,Electronics,819,1,Dnipro
2023-03-29,Tablet,Electronics,1635,3,Dnipro
2023-07-08,Monitor,Electronics,327,3,Kyiv
2023-01-19,Tablet,Electronics,752,2,Kharkiv
2023-05-08,Headphones,Accessories,1440,1,Kharkiv
2023-03-13,Phone,Electronics,1259,4,Kyiv
2023-04-14,Headphones,Accessories,1334,3,Odessa
2023-01-10,Phone,Electronics,1939,3,Kharkiv
2023-04-22,Tablet,Electronics,972,2,Kharkiv
2023-03-27,Laptop,Electronics,549,4,Lviv
2023-01-12,Phone,Electronics,363,2,Kyiv
2023-01-20,Laptop,Electronics,1491,1,Odessa
2023-03-11,Tablet,Electronics,1808,3,Odessa
2023-04-21,Monitor,Electronics,747,4,Kharkiv
2023-01-24,Headphones,Accessories,1093,2,Odessa
2023-11-06,Phone,Electronics,1878,2,Kharkiv
2023-09-17,Phone,Electronics,87,2,Dnipro
2023-09-30,Laptop,Electronics,990,4,Dnipro
2023-08-04,Monitor,Electronics,575,3,Kharkiv
2023-09-11,Phone,Electronics,1128,4,Lviv
2023-07-07,Phone,Electronics,1988,3,Dnipro
2023-07-30,Tablet,Electronics,1890,3,Kharkiv
2023-04-27,Headphones,Accessories,591,2,Dnipro
2023-08-16,Tablet,Electronics,481,1,Kyiv
2023-04-26,Laptop,Electronics,1219,3,Kyiv
2023-10-30,Tablet,Electronics,525,3,Odessa
2023-10-28,Laptop,Electronics,1069,2,Kyiv
2023-05-28,Laptop,Electronics,247,4,Odessa
2023-05-17,Headphones,Accessories,124,3,Lviv
2023-03-02,Monitor,Electronics,1578,4,Lviv
2023-04-17,Phone,Electronics,1844,1,Kyiv
2023-12-31,Monitor,Electronics,759,1,Odessa
2023-02-04,Monitor,Electronics,1988,2,Lviv
2023-11-16,Tablet,Electronics,630,1,Kharkiv
2023-03-15,Headphones,Accessories,98,1,Kharkiv
2023-09-17,Headphones,Accessories,1655,2,Lviv
2023-11-09,Tablet,Electronics,690,4,Dnipro
2023-11-12,Laptop,Electronics,1255,2,Dnipro
2023-03-25,Headphones,Accessories,1642,3,Kyiv
2023-12-30,Headphones,Accessories,774,2,Lviv
2023-08-08,Headphones,Accessories,952,3,Lviv
2023-03-11,Phone,Electronics,1802,1,Dnipro
2023-07-03,Laptop,Electronics,1886,4,Odessa
2023-12-29,Headphones,Accessories,1923,2,Kyiv
2023-01-07,Monitor,Electronics,245,2,Lviv
2023-05-23,Tablet,Electronics,1221,4,Kharkiv
2023-05-22,Phone,Electronics,1739,4,Kyiv
2023-03-23,Monitor,Electronics,363,1,Kharkiv
2023-11-01,Tablet,Electronics,1672,2,Odessa
2023-06-10,Tablet,Electronics,1930,1,Lviv
2023-11-23,Monitor,Electronics,1781,3,Kyiv
2023-03-02,Laptop,Electronics,1737,1,Lviv
2023-06-18,Headphones,Accessories,1003,3,Kyiv
2023-07-17,Laptop,Electronics,1683,2,Lviv
2023-01-05,Laptop,Electronics,891,1,Lviv
2023-04-08,Laptop,Electronics,1139,2,Odessa
2023-03-17,Monitor,Electronics,1752,2,Dnipro
2023-07-11,Tablet,Electronics,1723,3,Odessa
2023-10-04,Laptop,Electronics,1009,4,Dnipro
2023-08-02,Phone,Electronics,432,4,Kharkiv
2023-06-17,Headphones,Accessories,653,2,Lviv
2023-03-07,Headphones,Accessories,1099,1,Kyiv
2023-02-11,Tablet,Electronics,1117,1,Dnipro
2023-10-06,Tablet,Electronics,823,3,Kyiv
2023-07-16,Tablet,Electronics,1251,3,Odessa
2023-03-15,Tablet,Electronics,553,4,Dnipro
2023-03-26,Headphones,Accessories,1370,4,Kyiv
2023-09-25,Phone,Electronics,603,4,Lviv
2023-10-10,Tablet,Electronics,926,3,Lviv
2023-08-08,Tablet,Electronics,89,2,Kyiv
2023-06-25,Monitor,Electronics,977,4,Odessa
2023-09-03,Monitor,Electronics,309,2,Odessa
2023-10-29,Laptop,Electronics,1597,3,Kyiv
2023-01-21,Monitor,Electronics,1960,1,Kharkiv
2023-04-12,Phone,Electronics,1333,4,Lviv
2023-10-10,Tablet,Electronics,296,4,Kharkiv
2023-07-15,Laptop,Electronics,180,1,Kyiv
2023-05-13,Headphones,Accessories,979,2,Odessa
2023-09-22,Monitor,Electronics,1549,1,Dnipro
2023-03-01,Phone,Electronics,695,3,Dnipro
2023-12-30,Laptop,Electronics,1468,2,Dnipro
2023-08-14,Laptop,Electronics,774,4,Odessa
2023-10-04,Headphones,Accessories,525,2,Dnipro
2023-06-12,Phone,Electronics,239,1,Dnipro
2023-12-04,Phone,Electronics,90,3,Lviv
2023-06-25,Tablet,Electronics,1002,3,Kyiv
2023-12-16,Monitor,Electronics,669,3,Odessa
2023-09-29,Tablet,Electronics,338,4,Lviv
2023-09-05,Phone,Electronics,532,4,Dnipro
2023-01-01,Laptop,Electronics,1733,4,Odessa
2023-10-30,Headphones,Accessories,491,1,Kharkiv
2023-10-29,Tablet,Electronics,1386,1,Dnipro
2023-02-08,Headphones,Accessories,509,1,Kyiv
2023-07-26,Tablet,Electronics,1837,1,Lviv
2023-09-08,Tablet,Electronics,1810,2,Odessa
2023-02-15,Tablet,Electronics,1676,2,Dnipro
2023-02-04,Monitor,Electronics,889,2,Odessa
2023-10-08,Tablet,Electronics,645,1,Lviv
2023-10-02,Laptop,Electronics,132,2,Kyiv
2023-11-23,Headphones,Accessories,1029,1,Kyiv
2023-05-01,Tablet,Electronics,1709,3,Dnipro
2023-04-30,Tablet,Electronics,992,4,Kharkiv
2023-10-13,Monitor,Electronics,725,4,Kyiv
2023-03-30,Laptop,Electronics,1449,4,Odessa
2023-11-30,Monitor,Electronics,1812,1,Kyiv
2023-09-21,Headphones,Accessories,117,4,Lviv
2023-03-27,Laptop,Electronics,1710,2,Kyiv
2023-06-07,Monitor,Electronics,1135,1,Dnipro
2023-02-19,Tablet,Electronics,828,4,Kharkiv
2023-10-03,Monitor,Electronics,1398,4,Kharkiv
2023-07-20,Tablet,Electronics,1757,1,Kharkiv
2023-08-04,Laptop,Electronics,1397,3,Kyiv
2023-11-28,Monitor,Electronics,392,3,Dnipro
2023-11-04,Laptop,Electronics,708,2,Kharkiv
2023-10-03,Monitor,Electronics,1892,2,Kyiv
2023-11-07,Monitor,Electronics,228,4,Dnipro
2023-03-17,Headphones,Accessories,821,2,Kharkiv
2023-07-13,Tablet,Electronics,903,4,Lviv
2023-09-14,Tablet,Electronics,1000,1,Kyiv
2023-09-25,Phone,Electronics,1986,1,Lviv
2023-12-28,Tablet,Electronics,1721,3,Kyiv
2023-08-29,Laptop,Electronics,142,1,Odessa
2023-12-06,Tablet,Electronics,1505,1,Kyiv
2023-02-18,Monitor,Electronics,750,2,Kyiv
2023-12-19,Tablet,Electronics,453,4,Lviv
2023-07-11,Monitor,Electronics,1830,1,Lviv
2023-08-21,Tablet,Electronics,1895,2,Kyiv
2023-01-17,Monitor,Electronics,866,1,Kharkiv
2023-07-02,Tablet,Electronics,1644,3,Kyiv
2023-05-27,Monitor,Electronics,1777,3,Odessa
2023-02-14,Monitor,Electronics,176,2,Kyiv
2023-03-13,Headphones,Accessories,68,4,Kharkiv
2023-08-28,Monitor,Electronics,1182,4,Kyiv
2023-09-07,Monitor,Electronics,651,3,Kharkiv
2023-12-09,Laptop,Electronics,908,2,Kharkiv
2023-12-04,Laptop,Electronics,1760,4,Lviv
2023-06-10,Phone,Electronics,1397,2,Dnipro
2023-08-27,Phone,Electronics,534,3,Dnipro
2023-11-28,Headphones,Accessories,1186,1,Lviv
2023-09-15,Tablet,Electronics,704,1,Kharkiv
2023-11-03,Laptop,Electronics,251,2,Odessa
2023-07-29,Monitor,Electronics,1339,2,Odessa
2023-01-28,Laptop,Electronics,1450,3,Odessa
2023-04-27,Headphones,Accessories,503,3,Lviv
2023-12-16,Monitor,Electronics,1751,3,Lviv
2023-08-23,Laptop,Electronics,317,3,Kyiv
2023-08-01,Monitor,Electronics,1035,1,Kyiv
2023-10-21,Laptop,Electronics,1352,4,Dnipro
2023-05-26,Monitor,Electronics,1511,3,Dnipro
2023-03-14,Tablet,Electronics,1502,3,Kharkiv
2023-12-30,Phone,Electronics,1103,4,Lviv
2023-06-21,Tablet,Electronics,244,4,Kyiv
2023-11-09,Tablet,Electronics,609,4,Dnipro
2023-10-17,Headphones,Accessories,1993,3,Dnipro
2023-02-25,Monitor,Electronics,56,4,Kyiv
2023-10-02,Laptop,Electronics,608,4,Kharkiv
2023-05-06,Phone,Electronics,1517,2,Odessa
2023-03-05,Laptop,Electronics,930,2,Kharkiv
2023-07-23,Phone,Electronics,1761,4,Kyiv
2023-11-21,Headphones,Accessories,1698,1,Odessa
2023-09-17,Tablet,Electronics,124,1,Lviv
2023-12-29,Tablet,Electronics,1503,2,Odessa
2023-09-19,Phone,Electronics,1636,2,Odessa
2023-01-30,Monitor,Electronics,960,1,Lviv
2023-02-06,Monitor,Electronics,171,1,Lviv
2023-03-28,Headphones,Accessories,1942,3,Dnipro
2023-10-12,Phone,Electronics,250,1,Kharkiv
2023-04-19,Tablet,Electronics,480,2,Dnipro
2023-11-01,Monitor,Electronics,1238,1,Kharkiv
2023-11-05,Phone,Electronics,414,2,Odessa
2023-12-20,Tablet,Electronics,948,2,Kharkiv
2023-12-07,Tablet,Electronics,811,1,Dnipro
2023-12-25,Monitor,Electronics,349,3,Dnipro
2023-10-07,Tablet,Electronics,1458,4,Kharkiv
2023-12-20,Tablet,Electronics,958,3,Odessa
2023-09-30,Headphones,Accessories,484,1,Odessa
2023-08-02,Headphones,Accessories,1923,4,Kyiv
2023-12-07,Phone,Electronics,836,1,Dnipro
2023-06-13,Monitor,Electronics,706,1,Odessa
2023-09-24,Tablet,Electronics,1190,2,Kharkiv
2023-09-03,Headphones,Accessories,295,1,Odessa
2023-07-03,Headphones,Accessories,1590,1,Dnipro
2023-01-12,Laptop,Electronics,607,2,Kyiv
2023-10-31,Tablet,Electronics,196,2,Dnipro
2023-03-11,Headphones,Accessories,869,4,Lviv
2023-08-04,Headphones,Accessories,1175,3,Odessa
2023-08-30,Tablet,Electronics,753,1,Kyiv
2023-03-23,Tablet,Electronics,1023,3,Dnipro
2023-08-27,Tablet,Electronics,1760,3,Dnipro
2023-11-25,Monitor,Electronics,212,4,Dnipro
2023-08-13,Monitor,Electronics,1922,1,Odessa
2023-01-13,Tablet,Electronics,492,1,Kharkiv
2023-12-15,Phone,Electronics,529,2,Odessa
2023-10-25,Tablet,Electronics,1639,2,Kharkiv
2023-06-01,Headphones,Accessories,243,1,Odessa
2023-06-12,Laptop,Electronics,1807,3,Odessa
2023-04-23,Phone,Electronics,313,2,Odessa
2023-02-06,Laptop,Electronics,1365,1,Kyiv
2023-05-16,Monitor,Electronics,190,4,Kharkiv
2023-05-07,Headphones,Accessories,1201,1,Kyiv
2023-07-10,Headphones,Accessories,596,2,Kyiv
2023-09-17,Phone,Electronics,991,2,Odessa
2023-07-07,Tablet,Electronics,1657,3,Kharkiv
2023-03-02,Monitor,Electronics,1363,1,Odessa
2023-03-07,Tablet,Electronics,407,4,Kyiv
2023-05-24,Phone,Electronics,1819,4,Dnipro
2023-01-13,Phone,Electronics,499,2,Dnipro
2023-08-03,Phone,Electronics,344,3,Odessa
2023-10-22,Monitor,Electronics,1304,1,Kyiv
2023-09-26,Laptop,Electronics,1306,2,Kharkiv
2023-11-09,Tablet,Electronics,1126,3,Kyiv
2023-02-01,Laptop,Electronics,232,3,Lviv
2023-02-23,Phone,Electronics,1557,4,Dnipro
2023-01-14,Headphones,Accessories,209,2,Lviv
2023-02-22,Headphones,Accessories,1951,4,Dnipro
2023-09-21,Monitor,Electronics,1132,3,Lviv
2023-10-17,Headphones,Accessories,1704,3,Lviv
2023-12-27,Phone,Electronics,1712,3,Dnipro
2023-08-29,Laptop,Electronics,1664,1,Lviv
2023-04-06,Monitor,Electronics,1227,2,Kyiv
2023-11-21,Phone,Electronics,1849,1,Dnipro
2023-06-05,Laptop,Electronics,1905,1,Odessa
2023-05-27,Laptop,Electronics,626,3,Kyiv
2023-04-10,Tablet,Electronics,1747,4,Lviv
2023-06-26,Tablet,Electronics,190,3,Dnipro
2023-07-05,Tablet,Electronics,1494,1,Lviv
2023-08-05,Monitor,Electronics,978,4,Lviv
2023-01-13,Monitor,Electronics,1990,3,Kharkiv
2023-01-11,Laptop,Electronics,1609,4,Kyiv
2023-04-04,Headphones,Accessories,480,1,Kyiv
2023-07-30,Monitor,Electronics,1925,3,Dnipro
2023-04-11,Monitor,Electronics,859,1,Dnipro
2023-05-26,Laptop,Electronics,1428,3,Odessa
2023-01-13,Headphones,Accessories,922,4,Lviv
2023-01-31,Monitor,Electronics,446,4,Lviv
2023-11-06,Laptop,Electronics,378,2,Kyiv
2023-06-22,Headphones,Accessories,670,3,Kharkiv
2023-09-21,Phone,Electronics,1978,4,Dnipro
2023-11-22,Phone,Electronics,1076,4,Dnipro
2023-11-06,Headphones,Accessories,1222,4,Kyiv
2023-08-23,Headphones,Accessories,1606,4,Odessa
2023-04-28,Monitor,Electronics,1386,1,Lviv
2023-02-22,Monitor,Electronics,1117,3,Lviv
2023-10-07,Monitor,Electronics,1750,2,Lviv
2023-05-18,Laptop,Electronics,917,2,Odessa
2023-04-12,Laptop,Electronics,436,3,Kyiv
2023-01-24,Headphones,Accessories,1255,4,Kharkiv
2023-07-07,Tablet,Electronics,458,4,Lviv
2023-06-05,Laptop,Electronics,1925,3,Kyiv
2023-10-10,Headphones,Accessories,747,4,Kharkiv
2023-08-10,Phone,Electronics,1772,3,Kyiv
2023-08-12,Phone,Electronics,1494,2,Kharkiv
2023-01-07,Laptop,Electronics,82,3,Dnipro
2023-01-16,Laptop,Electronics,1711,4,Odessa
2023-05-15,Monitor,Electronics,533,1,Dnipro
2023-11-27,Tablet,Electronics,506,4,Kyiv
2023-02-14,Laptop,Electronics,1577,4,Odessa
2023-06-06,Headphones,Accessories,665,3,Lviv
2023-03-20,Phone,Electronics,461,1,Dnipro
2023-03-31,Headphones,Accessories,1291,4,Kyiv
2023-11-27,Monitor,Electronics,1897,4,Dnipro
2023-03-31,Laptop,Electronics,1602,3,Dnipro
2023-01-25,Phone,Electronics,1514,2,Lviv
2023-09-24,Tablet,Electronics,1374,3,Kharkiv
2023-03-09,Monitor,Electronics,505,4,Dnipro
2023-02-18,Tablet,Electronics,540,1,Dnipro
2023-06-08,Headphones,Accessories,1642,3,Kyiv
2023-01-05,Phone,Electronics,843,1,Dnipro
2023-09-05,Headphones,Accessories,410,3,Kyiv
2023-08-14,Phone,Electronics,471,3,Kharkiv
2023-10-21,Phone,Electronics,326,2,Lviv
2023-08-11,Phone,Electronics,351,1,Odessa
2023-08-23,Monitor,Electronics,569,4,Dnipro
2023-11-27,Laptop,Electronics,1794,4,Kharkiv
2023-06-05,Phone,Electronics,1596,3,Dnipro
2023-12-21,Laptop,Electronics,321,4,Dnipro
2023-11-28,Tablet,Electronics,1163,2,Odessa
2023-01-19,Monitor,Electronics,1674,2,Lviv
2023-04-18,Phone,Electronics,1463,4,Odessa
2023-12-20,Monitor,Electronics,1644,1,Kyiv
2023-12-02,Tablet,Electronics,1884,1,Lviv
2023-05-21,Phone,Electronics,1320,4,Lviv
2023-11-17,Headphones,Accessories,544,2,Odessa
2023-03-29,Laptop,Electronics,236,4,Lviv
2023-05-17,Monitor,Electronics,135,4,Kharkiv
2023-06-05,Phone,Electronics,1621,1,Lviv
2023-09-09,Tablet,Electronics,1801,2,Lviv
2023-06-04,Tablet,Electronics,839,1,Kyiv
2023-05-21,Monitor,Electronics,1524,4,Kharkiv
2023-09-05,Phone,Electronics,789,1,Odessa
2023-06-09,Phone,Electronics,1572,1,Kyiv
2023-11-19,Monitor,Electronics,376,1,Dnipro
2023-06-12,Headphones,Accessories,678,2,Odessa
2023-12-12,Laptop,Electronics,1432,3,Kyiv
2023-12-15,Phone,Electronics,734,4,Dnipro
2023-11-20,Monitor,Electronics,1164,2,Kyiv
2023-06-03,Phone,Electronics,1842,2,Kharkiv
2023-09-23,Headphones,Accessories,1701,3,Odessa
2023-07-12,Tablet,Electronics,1114,1,Kyiv
2023-08-09,Phone,Electronics,1065,1,Dnipro
2023-11-08,Monitor,Electronics,1329,3,Odessa
2023-10-09,Monitor,Electronics,148,4,Odessa
2023-07-18,Tablet,Electronics,1182,4,Lviv
2023-05-12,Monitor,Electronics,454,2,Lviv
2023-04-26,Headphones,Accessories,1472,2,Kharkiv
2023-05-27,Monitor,Electronics,1977,1,Dnipro
2023-09-28,Laptop,Electronics,524,4,Odessa
2023-10-07,Monitor,Electronics,1970,3,Odessa
2023-01-24,Monitor,Electronics,1237,2,Lviv
2023-06-30,Headphones,Accessories,1908,2,Dnipro
2023-09-11,Monitor,Electronics,630,3,Kharkiv
2023-09-06,Laptop,Electronics,874,1,Dnipro
2023-06-17,Monitor,Electronics,1898,2,Kharkiv
2023-06-28,Monitor,Electronics,261,3,Dnipro
2023-08-27,Headphones,Accessories,893,2,Kyiv
2023-11-10,Monitor,Electronics,1982,3,Lviv
2023-07-25,Monitor,Electronics,586,4,Kyiv
2023-08-16,Tablet,Electronics,1120,2,Kharkiv
2023-02-28,Monitor,Electronics,802,4,Lviv
2023-06-11,Phone,Electronics,81,3,Kyiv
2023-01-10,Laptop,Electronics,1724,4,Kyiv
2023-04-21,Laptop,Electronics,1909,4,Kyiv
2023-04-12,Tablet,Electronics,966,1,Kyiv
2023-02-20,Laptop,Electronics,1264,1,Dnipro
2023-03-29,Laptop,Electronics,538,3,Lviv
2023-06-16,Tablet,Electronics,1271,1,Kharkiv
2023-09-08,Laptop,Electronics,1666,2,Kyiv
2023-03-11,Monitor,Electronics,122,1,Dnipro
2023-12-03,Headphones,Accessories,294,3,Kyiv
2023-04-19,Headphones,Accessories,1953,3,Kyiv
2023-09-28,Laptop,Electronics,1012,2,Dnipro
2023-12-05,Headphones,Accessories,1987,1,Odessa
2023-03-19,Headphones,Accessories,1492,4,Lviv
2023-07-08,Laptop,Electronics,1343,2,Dnipro
2023-06-17,Tablet,Electronics,974,3,Odessa
2023-10-10,Monitor,Electronics,242,1,Kharkiv
2023-03-21,Tablet,Electronics,708,4,Odessa
2023-05-28,Tablet,Electronics,1531,1,Dnipro
2023-01-22,Headphones,Accessories,1224,2,Odessa
2023-07-25,Laptop,Electronics,889,3,Odessa
2023-03-24,Phone,Electronics,1857,3,Odessa
2023-11-24,Phone,Electronics,549,4,Dnipro
2023-05-06,Laptop,Electronics,162,4,Kharkiv
2023-05-20,Tablet,Electronics,1974,3,Kyiv
2023-11-30,Laptop,Electronics,566,1,Kharkiv
2023-02-19,Tablet,Electronics,1106,2,Kyiv
2023-02-16,Tablet,Electronics,775,1,Dnipro
2023-07-01,Laptop,Electronics,1214,4,Odessa
2023-01-29,Monitor,Electronics,809,4,Lviv
2023-08-06,Phone,Electronics,410,1,Kharkiv
2023-01-06,Phone,Electronics,66,2,Lviv
2023-06-18,Monitor,Electronics,1485,2,Kharkiv
2023-08-07,Phone,Electronics,1547,4,Kyiv
2023-09-23,Headphones,Accessories,1656,3,Lviv
2023-01-02,Laptop,Electronics,1876,4,Dnipro
2023-06-03,Phone,Electronics,215,2,Odessa
2023-08-18,Tablet,Electronics,718,3,Dnipro
2023-05-28,Tablet,Electronics,602,2,Dnipro
2023-11-18,Tablet,Electronics,645,3,Kharkiv
2023-05-14,Phone,Electronics,967,3,Odessa
2023-12-18,Phone,Electronics,122,1,Kyiv
2023-09-15,Tablet,Electronics,149,3,Kharkiv
2023-06-03,Headphones,Accessories,1138,3,Kyiv
2023-11-11,Phone,Electronics,870,3,Odessa
2023-10-05,Monitor,Electronics,940,4,Dnipro
2023-10-11,Phone,Electronics,463,1,Kyiv
2023-01-07,Laptop,Electronics,350,4,Kyiv
2023-05-18,Laptop,Electronics,1237,3,Dnipro
2023-04-16,Laptop,Electronics,1310,2,Kyiv
2023-02-23,Phone,Electronics,419,3,Lviv
2023-12-07,Tablet,Electronics,1829,3,Kyiv
2023-05-12,Headphones,Accessories,416,3,Kharkiv
2023-09-05,Tablet,Electronics,122,3,Dnipro
2023-02-10,Laptop,Electronics,92,1,Lviv
2023-06-17,Phone,Electronics,261,1,Kyiv
2023-02-16,Monitor,Electronics,200,3,Kyiv
2023-10-26,Laptop,Electronics,1439,1,Lviv
2023-11-14,Tablet,Electronics,110,2,Lviv
2023-12-04,Laptop,Electronics,380,4,Lviv
2023-10-02,Phone,Electronics,1623,3,Dnipro
2023-06-23,Tablet,Electronics,368,1,Odessa
2023-04-01,Phone,Electronics,919,1,Odessa
2023-04-17,Phone,Electronics,770,1,Kyiv
2023-07-01,Laptop,Electronics,845,1,Kharkiv
2023-07-06,Laptop,Electronics,1923,4,Kharkiv
2023-12-29,Phone,Electronics,494,2,Odessa
2023-06-17,Headphones,Accessories,791,2,Dnipro
2023-02-06,Phone,Electronics,1325,3,Dnipro
2023-05-30,Phone,Electronics,1939,3,Odessa
2023-09-17,Phone,Electronics,1258,1,Kharkiv
2023-11-20,Tablet,Electronics,871,4,Dnipro
2023-08-30,Laptop,Electronics,872,3,Kyiv
2023-12-07,Laptop,Electronics,1687,2,Kharkiv
2023-01-21,Monitor,Electronics,763,4,Lviv
2023-03-25,Tablet,Electronics,670,3,Odessa
2023-05-09,Tablet,Electronics,1013,1,Dnipro
2023-11-08,Headphones,Accessories,1517,3,Lviv
2023-11-15,Laptop,Electronics,326,1,Lviv
2023-08-25,Headphones,Accessories,1929,1,Kharkiv
2023-06-26,Headphones,Accessories,671,2,Lviv
2023-04-07,Phone,Electronics,856,4,Kyiv
2023-01-06,Monitor,Electronics,878,1,Odessa
2023-05-30,Monitor,Electronics,596,3,Kyiv
2023-03-17,Monitor,Electronics,1499,3,Odessa
2023-10-12,Laptop,Electronics,944,2,Kharkiv
2023-04-22,Monitor,Electronics,721,2,Kharkiv
2023-03-26,Laptop,Electronics,1320,4,Lviv
2023-01-18,Monitor,Electronics,695,4,Kyiv
2023-05-02,Laptop,Electronics,687,3,Lviv
2023-06-11,Headphones,Accessories,164,4,Kyiv
2023-07-25,Phone,Electronics,1613,3,Odessa
2023-12-29,Headphones,Accessories,1737,4,Kharkiv
2023-01-19,Laptop,Electronics,1248,1,Odessa
2023-12-20,Phone,Electronics,224,2,Odessa
2023-04-03,Monitor,Electronics,807,1,Kharkiv
2023-11-13,Laptop,Electronics,294,4,Kharkiv
2023-09-26,Phone,Electronics,66,3,Kharkiv
2023-01-07,Phone,Electronics,354,3,Lviv
2023-07-12,Laptop,Electronics,1176,1,Kyiv
2023-09-08,Laptop,Electronics,220,1,Kharkiv
2023-04-27,Tablet,Electronics,1280,1,Odessa
2023-01-25,Phone,Electronics,1453,4,Dnipro
2023-11-17,Laptop,Electronics,681,4,Kharkiv
2023-12-30,Laptop,Electronics,1671,4,Odessa
2023-12-05,Laptop,Electronics,1272,2,Odessa
2023-05-19,Phone,Electronics,478,3,Kharkiv
2023-02-17,Laptop,Electronics,1305,2,Lviv
2023-12-26,Headphones,Accessories,800,1,Dnipro
2023-02-18,Headphones,Accessories,165,1,Kharkiv
2023-02-14,Phone,Electronics,883,1,Dnipro
2023-08-09,Monitor,Electronics,684,2,Odessa
2023-07-25,Tablet,Electronics,52,2,Odessa
2023-11-27,Headphones,Accessories,1580,4,Lviv
2023-08-23,Tablet,Electronics,145,3,Lviv
2023-06-08,Laptop,Electronics,954,4,Dnipro
